159,229,119,213,82,97,203,189,21,92,217,73,98,255,51,24,163,165,253,209
160,99,240,120,49,144,181,147,178,235,235,142,80,249,57,73,159,132,240,184
144,89,1,107,252,56,25,80,126,201,200,222,168,171,65,92,0,102,67,136
24,112,183,232,71,87,80,149,109,240,39,11,187,214,224,97,235,228,194,49
88,162,54,209,32,105,189,1,230,236,200,153,93,41,166,155,156,93,135,37
49,31,180,40,198,144,54,147,253,202,195,42,28,112,122,83,92,190,75,74
4,86,41,249,187,40,51,48,97,99,164,8,190,189,128,30,86,104,1,73
34,253,71,104,57,186,87,155,47,217,197,169,97,215,9,249,183,211,187,33
201,79,133,97,153,252,7,147,253,126,35,84,75,65,97,175,174,3,244,203
53,60,20,214,16,215,145,78,85,34,120,171,159,184,49,68,97,112,26,179
175,37,66,18,194,20,46,125,11,114,113,129,69,47,134,5,169,79,73,199
36,222,97,81,243,248,200,107,109,254,128,156,247,220,111,70,207,16,63,203
124,21,63,203,68,100,232,95,16,226,62,232,107,214,12,151,221,151,173,204
86,33,219,221,166,120,225,141,46,110,230,11,73,250,234,21,194,194,117,150
129,219,79,227,239,60,228,222,92,57,102,150,103,111,194,62,36,100,234,26
190,106,156,156,165,223,255,61,143,162,252,43,196,37,158,19,140,235,57,121
